{
    "train_loss": [
        2.0837071180343627
    ],
    "val_loss": [
        2.080250883102417
    ],
    "train_acc": [
        10.833333333333334
    ],
    "val_acc": [
        12.5
    ]
}