{
    "train_loss": [
        2.0843086282412213
    ],
    "val_loss": [
        2.0802808523178102
    ],
    "train_acc": [
        7.5
    ],
    "val_acc": [
        12.5
    ]
}